pergunta,resposta,texto,tempo,parte
Quais falhas do Sagres foram discutidas do texto?,"As falhas do Sagres discutidas no texto s√£o:

* **Erro de c√°lculo no escore presente no Sagres** (reportado por v√°rios alunos, afetando a matr√≠cula).
* **Problemas no lan√ßamento do Sagres nos dias 09 e 10** (data de in√≠cio na caderneta consta como 13/02/2023 para docentes que acessaram a caderneta 23.1 entre novembro e dezembro de 2022).
* **Problemas com o sistema de vacina√ß√£o**, como a falta de visualiza√ß√£o do status da homologa√ß√£o pelos alunos e a dificuldade de anexar documentos.
* **Dificuldade de anexar documento por erro no Servidor** (relatado por Pedro Prates).
* **Sistema n√£o ter como registrar falta (caso de est√°gio)**.
* **Fechamento do sistema** (que impede ajustes).
* **Relat√≥rios que n√£o podem mais ser gerados** (como o quadro de hor√°rios).
* **Dificuldade de identificar as disciplinas de maior √≠ndice de reprova√ß√£o**.
* **Falta de acesso ao c√≥digo do curso para recupera√ß√£o de senha**.
* **Mudan√ßas de configura√ß√£o e desaparecimento de servi√ßos e relat√≥rios**.
* **Discentes n√£o conseguem acessar o e-mail cadastrado no site e assim n√£o conseguem recuperar a senha**.
* **Relatos de erro ao tentar lan√ßar notas da final**.
* **Dados da terceira dose aparecem preenchidos, mas o comprovante s√≥ acusa duas doses**.
* **Dificuldade na digita√ß√£o do hor√°rio**.
* **N√£o permite a altera√ß√£o da data da dose de refor√ßo**.
* **Dificuldade em anexar o comprovante**.
* **Ap√≥s a assinatura, o documento n√£o pode ser mais modificado**.
* **A assinatura GOV s√≥ pode ser validada por meio digital, usando o arquivo original sem altera√ß√µes, nem mesmo no nome do arquivo**.
* **O sistema n√£o est√° atualizado e que o processo de pedir ao DAA deixa tudo muito mais lento**.
* **O sistema apresenta o nome de um outro professor** (problema de login).
* **Erro de valida√ß√£o da assinatura GOV se o arquivo for modificado, mesmo mudando s√≥ o nome**.
* **O sistema nem sempre cancela a matricula pq o professor n√£o registra falta, ou at√© mesmo pq o sistema n√£o tem como registrar falta (caso de est√°gio)**.
* **Alunos n√£o conseguem ver o status do pedido de homologa√ß√£o**.
* **O sistema n√£o permite inserir o comprovante no SISVAC, nem como atualizar a data da dose de refor√ßo**.
* **Problemas de acesso ao portal, lentid√£o e instabilidade**.
* **Erro de c√°lculo no escore presente no Sagres**, que pode afetar na matr√≠cula deles.
* **Sistema n√£o atualiza o email**.
* **O sistema n√£o tem como registrar falta (caso de est√°gio)**.
* **Sistema mal configurado**.
* **Acesso bloqueado apenas dos estudantes, pelo que me falaram**.
* **Erro de valida√ß√£o da assinatura GOV**.
* **Erro ao gerar relat√≥rio de quadro de hor√°rios**.
* **Falta de visibilidade do status do pedido de homologa√ß√£o para os alunos**.
* **O sistema n√£o tem como registrar falta (caso de est√°gio)**.
* **O sistema n√£o permite mudar nada al√©m do que j√° foi definido**.
* **Talvez o comprovante que estejamos visualizando seja do semestre passado**.
* **√â preciso ter uma aten√ß√£o redobrada**.
* **Sistema ainda n√£o atualizou**.
* **Faltam algumas disciplinas que os departamentos n√£o designaram docentes, ent√£o n√£o d√° pra digitar o hor√°rio**.
* **O sistema n√£o tem como colocar a oferta**.
* **Deveriam ter deixado ao menos essa √∫ltima semana, porque o ano s√≥ come√ßa depois do carnaval**.
* **Erro de c√°lculo no escore presente no Sagres e que pode afetar na matr√≠cula deles**.
* **Nomea√ß√£o para coordena√ß√£o do Colegiado de Matem√°tica bi√™nio 2024-2026**.
* **Os estudantes fazem o pedido pelo SEI?**
* **Os estudantes fazem o pedido pelo e-mail e encaminho pelo SEI por e-mail com c√≥pia para o estagi√°rio e a empresa**.
* **A valida√ß√£o da assinatura GOV √© feita pelo site GOV, vc envia o arquivo que contem a assinatura e se for verdadeira eles validam, mas se vc fizer qualquer mudan√ßa no arquivo ou at√© mesmo mudar o nome do arquivo, vai dar erro de valida√ß√£o**.
* **E como fica o cadastro dos usu√°rios externos? T√¥ interessado nesse assunto üòÖ**.
* **Como acessar esse drive ?**.
* **Os arquivos nao estao divididos por curso porque nao tive tempo**.
* **Os arquivos eletr√¥nicos estao no drive do coordena**.
* **S√£o muitos arquivos üòµ‚Äçüí´**.
* **Vou organizar e compartilho**.
* **Enviei o resultado por colegiado**.
* **Foi o que recebemos. Nem todos os nao homologados enviaram**.
* **No anexo sao os que deram entrada no SESU**.
* **Quem nao conseguir acesso me fale**.
* **Iremos divulgar lista dos homologados e nao homologados dia 04, apos o ajuste presencial. Lembrando que os comprovantes precisam ser apresentados no colegiado e inserido no sistema para homologa√ß√£o**.
* **Vera, estou vendo o comprovante de uma aluna de Letras Espanhol e ela o apresentou conforme orienta√ß√£o. Entretanto, ela segue como n√£o homologada. Devo pedir para reavalia√ß√£o ou pe√ßo para a aluna enviar o comprovante no per√≠odo do ajuste?**.
* **Vera, te enviei um √∫nico caso em Farm√°cia que n√£o consigo anexar documento por erro no Servidor**.
* **Ela vem com esse erro desde sempre**.
* **Nem eu consegui**.
* **O estudante pode trancar o curso em qualquer momento?**.
* **Ele deve enviar solicita√ß√£o para qual e-mail do DAA?**.
* **Pessoal existe alguma resolu√ß√£o para o DAs? Falando sobre cria√ß√£o, composi√ß√£o, etc ?**.
* **V√°rios alunos est√£o reportando um ""erro de c√°lculo no escore presente no Sagres"" e que pode afetar na matr√≠cula deles. Voc√™s tamb√©m est√£o recebendo esse tipo de reclama√ß√£o?**.
* **Sagres tem apresentado problemas hoje?**.
* **Entro com o meu login e aparece o nome de um outro professor‚Ä¶**.
* **Infelizmente n√£o sei dizer qual o caminho.  Quando digitamos o hor√°rio pe√ßo a secret√°ria para deixar impresso**.
* **Eu usava esse quadro de hor√°rios, mas desde o semestre passado n√£o consigo mais gerar o relat√≥rio, o meu tb fica assim**.
* **a op√ß√£o √© gerar um relat√≥rio das vagas dispon√≠veis, mas eu gostava muito desse quadro de hor√°rios**.
* **algu√©m sabe dizer como identifico as disciplinas de maior √≠ndice de reprova√ß√£o?**.

√â importante notar que alguns itens podem ter sido corrigidos ao longo das conversas, mas a transcri√ß√£o reflete as preocupa√ß√µes e problemas relatados durante os per√≠odos especificados.",1,45.9249792098999,
Quais resolu√ß√µes foram discutidas no Texto?,"As seguintes resolu√ß√µes foram discutidas no texto:

*   Resolu√ß√£o CONSU 039/2011 (mencionada diversas vezes)
*   Resolu√ß√£o CONSEPE 117/2018 (mencionada diversas vezes)
*   Resolu√ß√£o CONSU 46/2006 (mencionada diversas vezes)
*   Resolu√ß√£o Consepe 01/2022
*   Resolu√ß√£o Consepe 076/2022
*   Resolu√ß√£o Consepe 084/2009
*   Resolu√ß√£o CONSU 30/2002
*   Resolu√ß√£o CONSU 126/2021
*   Instru√ß√£o Normativa PROGRAD/DAA N¬∫ 003/2022
*   Instru√ß√£o Normativa 01/2020
*   Resolu√ß√£o CONSU 174/2019
*   Resolu√ß√£o CONSU 610/2024
*   Resolu√ß√£o CONSU 611/2024
*   Portaria n 266 de 28 de junho de 2024",1,39.131924629211426,
Listar dicas de uso do Sagres,"## Dicas de Uso do SAGRES (UEFS) para Coordenadores de Colegiado

Considerando o contexto das conversas no grupo, com foco nas necessidades e dificuldades dos coordenadores de colegiado da UEFS, aqui est√£o algumas dicas de uso do SAGRES, organizadas para facilitar o acesso √†s informa√ß√µes e otimizar o trabalho:

**1. Acesso e Navega√ß√£o:**

*   **Link de Acesso:** Sempre utilize o link oficial do SAGRES disponibilizado no site da UEFS para evitar problemas de acesso ou informa√ß√µes desatualizadas. Verifique se o link est√° correto e atualizado.
*   **Navegadores:** Se estiver enfrentando problemas de acesso ou visualiza√ß√£o, experimente utilizar navegadores diferentes (Chrome, Firefox, Edge) ou limpar o cache do seu navegador.
*   **Acesso Remoto:** Se estiver fora da UEFS e tiver problemas para acessar, tente utilizar um proxy.

**2. Relat√≥rios Essenciais para o Colegiado:**

*   **Alunos Matriculados por Disciplina:**
    *   *Caminho:* Relat√≥rio -> Matr√≠cula -> Alunos Matriculados por Disciplina
    *   *Utilidade:* Permite verificar quais alunos est√£o matriculados em cada turma. Pode ser filtrado por curso e per√≠odo letivo, facilitando a identifica√ß√£o de matr√≠culas irregulares ou necessidades de ajustes.
*   **Rela√ß√£o de Escore por Ordem e Curso:**
    *   *Caminho:* Relat√≥rio -> Alunos -> Rela√ß√£o de Escore por Ordem e Curso
    *   *Utilidade:* Permite visualizar o escore dos alunos, importante para processos seletivos e matr√≠culas com prioridade.
*   **Reprova√ß√£o e Aprova√ß√£o por Disciplina:**
    *   *Caminho:* Relat√≥rio -> Gerador de relat√≥rios -> Reprova√ß√£o e Aprova√ß√£o por disciplina
    *   *Utilidade:* Permite identificar as disciplinas com maior √≠ndice de reprova√ß√£o, auxiliando na tomada de decis√µes pedag√≥gicas.
*   **Quadro de Evolu√ß√£o dos Alunos:**
    *   *Caminho:* Relat√≥rio particular --> Alunos --> quadro de evolu√ß√£o dos alunos
    *   *Utilidade:* Permite saber a quantidade de alunos regulares, abandono, cancelado, graduado por per√≠odo.
*   **Relat√≥rio/Planejamento/Vagas oferecidas/preenchidas:**
    *   √ötil para o ajuste de matr√≠cula, permitindo visualizar as vagas dispon√≠veis e preenchidas por disciplina.

**3. Gest√£o de Matr√≠culas e Vagas:**

*   **Confer√™ncia de Matr√≠culas:** Compare a lista de alunos matriculados no SAGRES com a lista de alunos que entregaram o Termo de Compromisso (no caso de ingressantes) ou comprovaram a vacina√ß√£o.
*   **Transfer√™ncia de Vagas:** Para transferir vagas entre cursos, formalize a solicita√ß√£o via SEI para a DAA (Divis√£o de Assuntos Acad√™micos), detalhando os c√≥digos das disciplinas e a justificativa.
*   **Libera√ß√£o de Vagas Remanescentes:** Ap√≥s o per√≠odo de matr√≠cula regular e a an√°lise dos recursos, solicite √† DAA a libera√ß√£o das vagas remanescentes para que veteranos possam se matricular.
*   **Ajuste de Matr√≠cula:** Utilize o relat√≥rio de vagas oferecidas/preenchidas (Relat√≥rio/Planejamento/Vagas oferecidas/preenchidas) para auxiliar os alunos no ajuste de matr√≠cula.
*   **Relat√≥rio de alunos com propostas processadas e n√£o confirmadas:** para identificar alunos que iniciaram o processo de ajuste mas n√£o o finalizaram.

**4. A√ß√µes Relacionadas √† Vacina√ß√£o:**

*   **Comprova√ß√£o Vacinal:**
    *   Acesse o SisVac para verificar os comprovantes de vacina√ß√£o.
    *   Homologue os comprovantes do ConectSUS que estejam completos e corretos.
    *   Para comprovantes f√≠sicos (carteira de vacina√ß√£o), siga as orienta√ß√µes da PROGRAD quanto √† aceita√ß√£o e registro das informa√ß√µes no sistema.
    *   Utilize o campo ""Observa√ß√µes"" no SisVac para registrar informa√ß√µes relevantes sobre a comprova√ß√£o (tipo de documento, data de apresenta√ß√£o, etc.).
*   **Alunos com Pend√™ncias:**
    *   Entre em contato com os alunos pendentes por e-mail (o endere√ßo aparece no sistema) para inform√°-los sobre a necessidade de regulariza√ß√£o.
*   **Respeite os Prazos:** Fique atento aos prazos estabelecidos no calend√°rio da PROGRAD para a apresenta√ß√£o de comprovantes, homologa√ß√£o e recursos.
*    **Comprova√ß√£o presencial:** A comprova√ß√£o presencial para quem n√£o tiver o ConecSus.

**5. Comunica√ß√£o e Intera√ß√£o com a Comunidade Acad√™mica:**

*   **Utilize os canais oficiais:** Divulgue informa√ß√µes importantes (prazos, procedimentos, etc.) nos canais oficiais do colegiado (site, redes sociais, murais) e por e-mail.
*   **Mantenha a comunica√ß√£o com a DAA:** Em caso de problemas no sistema ou d√∫vidas sobre os procedimentos, entre em contato com a DAA para obter suporte e orienta√ß√µes.
*   **Crie um ambiente de acolhimento:** Esteja dispon√≠vel para ouvir as demandas dos alunos e professores, buscando solu√ß√µes em conjunto.

**6. Documentos e Legisla√ß√£o:**

*   **Resolu√ß√µes CONSU e CONSEPE:** Consulte as resolu√ß√µes da UEFS para se manter atualizado sobre as normas e procedimentos da institui√ß√£o.
*   **Calend√°rio Acad√™mico:** Consulte o calend√°rio acad√™mico para verificar os prazos e datas importantes do semestre.
*   **Instru√ß√µes Normativas da PROGRAD:** Fique atento √†s instru√ß√µes normativas da PROGRAD, que detalham os procedimentos para diversas atividades acad√™micas.
*   **Regulamento de Est√°gio:** Consulte o regulamento de est√°gio do seu curso para obter informa√ß√µes sobre os requisitos e procedimentos para est√°gios obrigat√≥rios e n√£o obrigat√≥rios.

**7. Outras Dicas:**

*   **Mantenha a calma:** O trabalho no colegiado pode ser desafiador e estressante, por isso √© importante manter a calma e buscar o apoio dos colegas.
*   **Trabalhe em equipe:** Divida as tarefas com a sua equipe (vice-coordenador, secret√°rios, etc.) para evitar sobrecarga.
*   **Utilize as ferramentas dispon√≠veis:** Explore as funcionalidades do SAGRES e do SEI para otimizar o seu trabalho.
*   **Participe das reuni√µes da C√¢mara de Gradua√ß√£o:** As reuni√µes da C√¢mara de Gradua√ß√£o s√£o importantes para discutir quest√µes relevantes para a gradua√ß√£o e trocar experi√™ncias com outros coordenadores.
*   **Priorize o di√°logo:** Busque sempre o di√°logo com os alunos e professores para resolver os problemas e construir solu√ß√µes em conjunto.

**Observa√ß√µes Importantes:**

*   A falta de clareza em algumas normas e procedimentos da UEFS pode gerar d√∫vidas e dificuldades. Nesses casos, busque o apoio da PROGRAD e da DAA para obter orienta√ß√µes.
*   A comunica√ß√£o transparente com os alunos e professores √© fundamental para evitar ru√≠dos e garantir o bom andamento das atividades acad√™micas.
*   A cria√ß√£o de um ambiente de colabora√ß√£o e apoio m√∫tuo entre os membros do colegiado √© essencial para superar os desafios e construir uma gest√£o eficiente e humanizada.

Espero que estas dicas sejam √∫teis para o seu trabalho como coordenador de colegiado na UEFS!",1,47.458513498306274,
Quais as palavras mais mencionadas por Rosa?,"Analisando o contexto das mensagens, as palavras mais mencionadas por Rosa (identificada como üåπ Rosa Eug√™nia üåπ) s√£o:

1.  **Prezados/a(s)** (ou varia√ß√µes): Ela frequentemente inicia suas mensagens com essa sauda√ß√£o formal e respeitosa.
2.  **Queridos/a(s)** (ou varia√ß√µes): Similarmente, ela usa essa forma carinhosa para se dirigir ao grupo.
3.  **PROGRAD**: Devido a sua fun√ß√£o, Rosa frequentemente menciona a PROGRAD em rela√ß√£o a comunicados, procedimentos e informa√ß√µes relevantes para os colegiados.

Considerando o n√∫mero limitado de mensagens e o contexto espec√≠fico do grupo, essas parecem ser as palavras mais caracter√≠sticas de Rosa.",1,38.58975911140442,
Quantas Resolu√ß√µes CONSEPE foram citadas?,"1. 2022 - Resolu√ß√£o CONSEPE 01/2022
2. 2 - Resolu√ß√£o CONSEPE 019/2023
3. 1 - Resolu√ß√£o CONSEPE 076/2022
4. 1 - Resolu√ß√£o CONSEPE 30/2002
5. 1 - Resolu√ß√£o CONSEPE 039/2011
6. 2 - Resolu√ß√£o CONSEPE 054/2001
7. 1 - Resolu√ß√£o CONSU 04/2020
8. 3 - Resolu√ß√£o CONSU 46/2006
9. 1 - Resolu√ß√£o CONSU 07/2019
10. 1 - Resolu√ß√£o CONSU 117/2018",1,39.068594455718994,
"Quais professores mais participaram das conversas, listando o n√∫mero de contribui√ß√µes?","Com base nos dados fornecidos, os professores que mais participaram das conversas no grupo, listados pelo n√∫mero de suas contribui√ß√µes, s√£o:

1.  **Adriana Queiroz - Agronomia**: 67
2.  **Laurenio Sombra**: 51
3.  **Carla Borges**: 48
4.  **Jo√£o B. Rocha-Junior**: 40
5.  **Saulo Rocha**: 35
6.  **Vera Martin (Prograd)**: 27
7.  **Mar√≠lia Lord√™lo**: 25
8.  **Fredson Braz**: 24
9.  **Ana Maria Carvalho**: 23
10. **Myria Felix**: 22
11. **Patricia Guimar√£es Costa**: 11
12. **Cl√°udia**: 10
13. **Luciana Bagdeve**: 10
14. **Ingrid Guti√©rrez UEFS**: 8
15. **~‚ÄØM√°rcia Misi**: 8
16. **Ricardo**: 8
17. **~‚ÄØAlex**: 7
18. **~‚ÄØProf Dra Irlana Jane**: 7
19. **Pedro Prates**: 6
20. **üåπ Rosa Eug√™nia üåπ**: 6
21. **Gleice Cordeiro**: 5
22. **~‚ÄØAdy S√° Teles**: 5
23. **~‚ÄØVanessa Vieira**: 5
24. **Camila Leal Col Eng Civil**: 4
25. **Gilmarüèãüèæ‚Äç‚ôÄÔ∏èUEFS**: 3
26. **F√°bio DAA**: 3
27. **Mauricio**: 3
28. **~‚ÄØNatival Sim√µes Neto**: 2
29. **~‚ÄØAfonso üçÄüçÅ**: 2
30. **Shirlei Tiara Prograd**: 2
31. **Luciana Bagdeve**: 1
32. **Antonio Codina UEFS**: 1
33. **Silvia Passos**: 1
34. **Luciana Bagdeve**: 1
35. **üåπ Rosa Eug√™nia üåπ**: 1
36. **~‚ÄØHerval Moura**: 1
37. **Priscila PLopes**: 1

**Observa√ß√µes:**

*   Os nomes foram listados como aparecem no contexto.
*   As mensagens que foram apagadas n√£o foram contabilizadas.
*   A contagem √© baseada na frequ√™ncia de apari√ß√£o dos nomes no contexto fornecido.
*   Mensagens de sistema (entradas e sa√≠das de participantes, edi√ß√µes de mensagens) n√£o foram contabilizadas.
*   Apenas a quantidade de mensagens foram contabilizadas, n√£o a qualidade ou import√¢ncia do conte√∫do.",1,41.64548659324646,
Quais falhas do Sagres foram discutidas do texto?,"Com base no texto fornecido, as falhas do SAGRES discutidas no grupo da C√¢mara de Gradua√ß√£o da UEFS est√£o relacionadas √†:

*   **Digita√ß√£o e aloca√ß√£o de hor√°rios:** Os coordenadores enfrentam problemas ao usar o sistema para essas tarefas.
*   **Acesso e funcionamento:** Dificuldades gerais no acesso e funcionamento do sistema SAGRES s√£o mencionadas como um dos temas recorrentes.

O texto n√£o especifica detalhes adicionais sobre as falhas do SAGRES al√©m dessas men√ß√µes.",2,1.5099570751190186,2.0
Quais resolu√ß√µes foram discutidas no Texto?,"O texto fornecido n√£o detalha resolu√ß√µes espec√≠ficas que foram *discutidas*. Ele descreve os temas recorrentes de discuss√£o e preocupa√ß√µes do grupo de coordenadores da UEFS. Para saber quais resolu√ß√µes foram discutidas, seria necess√°rio ter acesso √†s mensagens trocadas no grupo da C√¢mara de Gradua√ß√£o.

No entanto, com base nos temas recorrentes, podemos inferir que *poss√≠veis* resolu√ß√µes ou discuss√µes sobre resolu√ß√µes podem ter envolvido:

*   **Matr√≠culas:** Poss√≠veis solu√ß√µes para agilizar o processo, lidar com casos espec√≠ficos de alunos (SISU, transfer√™ncias, etc.) e resolver problemas com o sistema.
*   **Comprova√ß√£o Vacinal:** Procedimentos para garantir o cumprimento das normas sanit√°rias e homologa√ß√£o no SISVAC.
*   **Digita√ß√£o de Hor√°rios (SAGRES):** Estrat√©gias para lidar com problemas no sistema e garantir a aloca√ß√£o correta de hor√°rios.
*   **Aproveitamento de Estudos:** Crit√©rios e procedimentos para an√°lise de disciplinas cursadas em EAD ou outras institui√ß√µes.
*   **Est√°gios:** Regulamenta√ß√£o e acompanhamento dos est√°gios obrigat√≥rios e n√£o obrigat√≥rios.
*   **Curriculariza√ß√£o da Extens√£o:** Implementa√ß√£o e funcionamento das UCEs.
*   **Cola√ß√£o de Grau:** Verifica√ß√£o do cumprimento dos requisitos e procedimentos para a cola√ß√£o.
*   **PIT/RIT:** Orienta√ß√µes sobre o preenchimento e prazos.
*   **Funcionamento dos Sistemas Informatizados:** Solu√ß√µes para problemas de acesso e usabilidade do SAGRES, SEI, etc.

Em resumo, o texto nos d√° uma boa ideia dos problemas enfrentados e, portanto, dos *tipos* de resolu√ß√µes que provavelmente foram discutidas, mas n√£o fornece detalhes sobre as resolu√ß√µes em si.",2,3.243319511413574,2.0
Listar dicas de uso do Sagres,"Considerando o contexto fornecido, as dicas de uso do SAGRES (Sistema Acad√™mico de Gest√£o da UEFS) mais relevantes para os coordenadores de curso, com base nos temas recorrentes, s√£o:

**Dicas Gerais:**

*   **Conhe√ßa a Estrutura do SAGRES:** Familiarize-se com as diferentes funcionalidades e m√≥dulos do sistema. Entenda como navegar e encontrar as informa√ß√µes que voc√™ precisa.
*   **Guia e Tutoriais:** Verifique se existem guias de usu√°rio ou tutoriais online (v√≠deos, PDFs) dispon√≠veis no site da UEFS ou fornecidos pela PROGRAD/DAA.  Busque por eles antes de entrar em contato com o suporte.
*   **Vers√£o Atualizada:** Certifique-se de estar utilizando a vers√£o mais recente do SAGRES. Vers√µes antigas podem ter bugs ou falta de funcionalidades.
*   **Acesso:**  Verifique se voc√™ tem as permiss√µes de acesso corretas para realizar as tarefas que precisa. Caso contr√°rio, solicite a corre√ß√£o ao setor respons√°vel (DAA, geralmente).
*   **Backup:** Fa√ßa backups regulares dos seus dados, especialmente antes de realizar altera√ß√µes importantes.
*   **Senhas:** Mantenha sua senha segura e n√£o a compartilhe com ningu√©m.

**Dicas Espec√≠ficas (com base nos problemas recorrentes):**

*   **Matr√≠culas:**
    *   **SISU/Transfer√™ncia/Portador de Diploma:** Entenda o fluxo completo de matr√≠cula para cada modalidade, desde a inscri√ß√£o at√© a confirma√ß√£o.  Verifique se h√° etapas espec√≠ficas no SAGRES para cada caso.
    *   **Prazos:**  Atente-se aos prazos de matr√≠cula divulgados pelo DAA e PROGRAD e informe os alunos sobre eles.
    *   **Documenta√ß√£o:**  Conhe√ßa os documentos necess√°rios para cada tipo de matr√≠cula e como eles devem ser inseridos no sistema.  Oriente os alunos sobre como proceder.
    *   **Problemas:**  Tenha um plano de a√ß√£o para lidar com problemas comuns de matr√≠cula, como alunos que n√£o conseguem acessar o sistema ou que t√™m documentos pendentes.
*   **Aloca√ß√£o de Hor√°rios:**
    *   **SAGRES:** Domine a funcionalidade de digita√ß√£o e aloca√ß√£o de hor√°rios no SAGRES.  Verifique se h√° conflitos de hor√°rios antes de confirmar a aloca√ß√£o.
    *   **Salas:**  Certifique-se de que as salas de aula alocadas s√£o adequadas para o tamanho da turma e para o tipo de atividade (te√≥rica, pr√°tica, etc.).
    *   **Disponibilidade de Professores:**  Verifique a disponibilidade dos professores antes de alocar hor√°rios.
*   **Aproveitamento de Estudos:**
    *   **EAD/Outras Institui√ß√µes:**  Conhe√ßa os crit√©rios para o aproveitamento de estudos de disciplinas cursadas em EAD ou em outras institui√ß√µes.
    *   **Documenta√ß√£o:**  Saiba quais documentos s√£o necess√°rios para comprovar a equival√™ncia das disciplinas.
    *   **SAGRES:**  Entenda como registrar o aproveitamento de estudos no SAGRES.
*   **Est√°gios (Obrigat√≥rios e N√£o Obrigat√≥rios):**
    *   **Regulamenta√ß√£o:**  Conhe√ßa a regulamenta√ß√£o dos est√°gios (tanto obrigat√≥rios quanto n√£o obrigat√≥rios) na UEFS.
    *   **SAGRES:**  Verifique se h√° um m√≥dulo espec√≠fico no SAGRES para o registro e acompanhamento dos est√°gios.
    *   **Termos de Compromisso:**  Saiba como gerar e validar os termos de compromisso de est√°gio no sistema.
*   **Cola√ß√£o de Grau:**
    *   **Requisitos:**  Certifique-se de que os alunos cumpriram todos os requisitos para a cola√ß√£o de grau (disciplinas, est√°gio, atividades complementares, etc.).
    *   **SAGRES:**  Utilize o SAGRES para verificar o hist√≥rico escolar dos alunos e confirmar se eles est√£o aptos a colar grau.
    *   **Prazos:**  Informe os alunos sobre os prazos para a solicita√ß√£o de cola√ß√£o de grau.
*   **Relat√≥rios (PIT/RIT):**
    *   **Preenchimento:**  Familiarize-se com os formul√°rios de PIT (Plano Individual de Trabalho) e RIT (Relat√≥rio Individual de Trabalho) e saiba como preench√™-los corretamente.
    *   **SAGRES:**  Verifique se o preenchimento do PIT/RIT √© feito diretamente no SAGRES ou se √© necess√°rio anexar os documentos.
    *   **Prazos:**  Atente-se aos prazos para a entrega do PIT/RIT.

**Dicas de Suporte e Comunica√ß√£o:**

*   **Canais de Comunica√ß√£o:**  Identifique os canais de comunica√ß√£o oficiais para suporte t√©cnico do SAGRES (e-mail, telefone, etc.).
*   **Documente os Problemas:**  Ao relatar um problema, forne√ßa o m√°ximo de informa√ß√µes poss√≠vel (printscreens, descri√ß√µes detalhadas, etc.).
*   **Comunidade:** Utilize o grupo de coordenadores para compartilhar d√∫vidas e solu√ß√µes sobre o SAGRES.  Algu√©m pode j√° ter enfrentado o mesmo problema que voc√™.
*   **PROGRAD/DAA:**  Mantenha contato com a PROGRAD e o DAA para obter informa√ß√µes atualizadas e orienta√ß√µes sobre o uso do SAGRES.  Aproveite a presen√ßa deles no grupo para tirar d√∫vidas.

**Dica Final:**

*   **Mantenha-se Atualizado:**  O SAGRES pode passar por atualiza√ß√µes e mudan√ßas.  Esteja atento aos comunicados da PROGRAD e do DAA para se manter informado sobre as novidades.

Ao seguir estas dicas, os coordenadores de curso da UEFS poder√£o utilizar o SAGRES de forma mais eficiente e eficaz, minimizando problemas e otimizando a gest√£o acad√™mica.",2,9.06185531616211,2.0
Quais as palavras mais mencionadas por Rosa?,"O contexto fornecido n√£o menciona nenhuma pessoa chamada ""Rosa"". Para identificar as palavras mais mencionadas por uma pessoa espec√≠fica, seria necess√°rio ter acesso √†s mensagens que essa pessoa enviou dentro do grupo da C√¢mara de Gradua√ß√£o.

Sem essa informa√ß√£o, n√£o √© poss√≠vel responder √† pergunta.",2,1.1186513900756836,2.0
Quantas Resolu√ß√µes CONSEPE foram citadas?,"O texto fornecido n√£o menciona explicitamente quantas Resolu√ß√µes CONSEPE foram citadas. Ele apenas descreve os temas recorrentes, os principais atores e a din√¢mica do grupo de coordenadores de cursos da UEFS.",2,0.8393325805664062,2.0
"Quais professores mais participaram das conversas, listando o n√∫mero de contribui√ß√µes?","Com base no contexto fornecido, n√£o √© poss√≠vel determinar o n√∫mero exato de contribui√ß√µes de cada professor. O texto apenas cita alguns professores que participam do grupo, mas n√£o quantifica a frequ√™ncia de suas mensagens.

A lista de professores mencionados, que contribuem com suas experi√™ncias, conhecimentos e opini√µes √©:

*   H√©lio Ponce
*   Laurenio Sombra
*   Adriana Queiroz
*   Jo√£o B. Rocha-Junior
*   Myria Felix
*   Gleice Cordeiro
*   Fredson Braz
*   Ana Maria Carvalho
*   Ricardo

Para saber a quantidade de contribui√ß√µes de cada um, seria necess√°rio analisar o hist√≥rico completo das conversas do grupo.",2,1.5752043724060059,2.0
Quais falhas do Sagres foram discutidas do texto?,"As seguintes falhas do Sagres foram mencionadas no texto:

*   **Problemas de acesso:** Usu√°rios, incluindo professores e alunos, relataram dificuldades para acessar o sistema.
*   **Lentid√£o:** O sistema foi descrito como lento em v√°rios momentos.
*   **Erros de lan√ßamento de notas:** Professores tiveram problemas para lan√ßar notas.
*   **Informa√ß√µes desatualizadas:** Dados como hor√°rios e cadastro de alunos n√£o estavam atualizados.
*   **Dificuldade em gerar relat√≥rios:** Problemas em gerar relat√≥rios espec√≠ficos, como os de aprova√ß√£o/reprova√ß√£o por disciplina ou lista de alunos matriculados.
*   **Problemas com a funcionalidade do SISVAC:** Dificuldades em verificar e homologar informa√ß√µes de vacina√ß√£o.
*   **Problemas com dados de alunos:** Erros na importa√ß√£o de dados de alunos, levando a informa√ß√µes incorretas sobre matr√≠cula e outras situa√ß√µes.
*   **Problemas com links:** Links quebrados ou redirecionando para p√°ginas incorretas.
*   **Perda de dados:** Relatos de dados inseridos que sumiram do sistema.
*   **Impedimento de matr√≠culas:** Alunos com situa√ß√µes pendentes de homologa√ß√£o sendo impedidos de realizar matr√≠culas.
*   **Dificuldade em recuperar senha:** Alunos com dificuldade em recuperar senhas.
*   **Problemas com a interface:** Interface pouco intuitiva, dificultando a navega√ß√£o e o acesso a funcionalidades.
*   **Desaparecimento de op√ß√µes e servi√ßos:** Relatos de que op√ß√µes e servi√ßos (como gera√ß√£o de relat√≥rios e configura√ß√µes de matr√≠cula) desapareciam do sistema.
*   **Diferentes vis√µes sobre a mesma situa√ß√£o:** O sistema mostrava informa√ß√µes diferentes para diferentes usu√°rios (ex: status de homologa√ß√£o).
*   **Inconsist√™ncia com a legisla√ß√£o:** Problemas em fazer o sistema seguir corretamente a legisla√ß√£o vigente, como a obrigatoriedade de vacina√ß√£o.
*   **Dificuldade em cadastrar UCEs:** Dificuldades na implementa√ß√£o de Unidades Curriculares de Extens√£o.
*   **Desconex√£o com o DAA:** Falta de sincronia entre o sistema e o DAA, levando a informa√ß√µes conflitantes.
*   **Problemas com a importa√ß√£o de dados do SISU:** Dificuldade em obter dados corretos de alunos ingressantes via SISU.
*   **Sobrecarga do sistema:** Em determinados per√≠odos, o sistema ficava sobrecarregado, causando lentid√£o e erros.
*   **Problemas com o envio de arquivos:** Dificuldades em anexar arquivos (como comprovantes de vacina√ß√£o) devido a limites de tamanho ou erros no sistema.
*   **Falta de clareza sobre o processo de transfer√™ncia de vagas:** Confus√£o sobre o tr√¢mite para transfer√™ncia de vagas entre cursos.
*   **Dificuldade em acessar o sistema fora da UEFS:** Problemas de acesso ao sistema para usu√°rios que n√£o estavam na rede da universidade.
*   **Problemas com o c√°lculo de escore:** Erros no c√°lculo do escore dos alunos, afetando suas matr√≠culas.
*   **Problemas com a assinatura GOV:** Problemas com a valida√ß√£o de assinaturas GOV em documentos.
*   **Inseguran√ßa:** Ass√©dio em p√°ginas de jogos do site institucional.
*   **Dificuldade de acesso aos dados:** Dificuldade de acesso a dados como o n√∫mero total de alunos matriculados por curso.
*   **Comprovantes de vacina√ß√£o:** Dificuldade em homologar comprovantes de vacina√ß√£o.

Essas falhas causaram diversos problemas para os usu√°rios, incluindo atrasos na matr√≠cula, dificuldades em acessar informa√ß√µes importantes e retrabalho para os servidores.",3,47.0757954120636,
Quais resolu√ß√µes foram discutidas no Texto?,"As seguintes resolu√ß√µes foram discutidas no texto:

* **Resolu√ß√£o sobre o uso de m√°scara:**  Discutida em 01/06/22 e 02/02/23, relacionada √† obrigatoriedade ou recomenda√ß√£o do uso de m√°scaras.
* **Resolu√ß√£o sobre vagas semestrais reservadas para o SISU:** Mencionada em 01/09/22, sobre o preenchimento de vagas remanescentes por alunos veteranos.
* **Resolu√ß√£o sobre comprova√ß√£o de vacina√ß√£o:**  Discutida em 01/08/22, relacionada √† necessidade de comprova√ß√£o vacinal para homologa√ß√£o de matr√≠cula.
* **Resolu√ß√£o sobre reingresso:** Mencionada em 01/04/22.
* **Resolu√ß√£o sobre est√°gio:** Discutida em 01/03/24, sobre a Resolu√ß√£o que trata est√°gio obrigat√≥rio.
* **Resolu√ß√£o referente ao Programa de Exerc√≠cios Domiciliares:** Mencionada em 09/09/23, sobre o direito a recursos.
* **Resolu√ß√£o sobre as Atividades Complementares:** Mencionada em 11/09/22, sobre a obrigatoriedade ou n√£o de apresentar as atividades complementares.
* **Resolu√ß√£o sobre o calend√°rio acad√™mico:** Mencionada em 11/23, sobre a altera√ß√£o do calend√°rio devido √† greve.
* **Resolu√ß√£o CONSU n¬∫ 11/2018:** Mencionada em 17/01/23, sobre a curriculariza√ß√£o da extens√£o.
* **Resolu√ß√µes sobre o Trabalho de Conclus√£o de Curso (TCC):** Mencionadas em diversas datas, sobre a possibilidade de defesa remota, prazos, e regulamenta√ß√£o do TCC.
* **Resolu√ß√£o sobre a cria√ß√£o e composi√ß√£o de colegiados:** Mencionada em 01/03/22.
* **Resolu√ß√£o sobre Atividades de Est√°gio:** Mencionada em 01/03/24, sobre a Resolu√ß√£o que trata est√°gio obrigat√≥rio.
* **Resolu√ß√µes referentes √† avalia√ß√£o e aprendizagem:** Mencionadas em 01/06/22, relacionada a crit√©rios de avalia√ß√£o e registro de notas.
* **Resolu√ß√µes sobre a concess√£o de regime de exerc√≠cios domiciliares:** Mencionadas em 01/08/24.
* **Resolu√ß√£o sobre a valida√ß√£o de documentos com assinatura GOV:** Mencionada em 01/02/24.
* **Resolu√ß√µes sobre a obrigatoriedade de vacina√ß√£o para matr√≠cula:** Mencionadas em 09/06/22.
* **Resolu√ß√£o que regula dispensa de faltas com atestado m√©dico:** Mencionada em 01/06/23.
* **Resolu√ß√£o sobre atribui√ß√µes dos colegiados de curso de gradua√ß√£o da UEFS:** Mencionada em 03/03/22.
* **Resolu√ß√£o sobre a possibilidade de reuni√µes remotas:** Mencionada em 01/02/23 e em v√°rias outras datas.
* **Resolu√ß√£o CONSU sobre a regulamenta√ß√£o do TCC:** Mencionada em 08/03/24.
* **Resolu√ß√£o sobre a possibilidade de puni√ß√£o para canais que promovam ass√©dio:** Mencionada em 01/06/22.
* **Resolu√ß√µes internas dos colegiados sobre est√°gio:** Mencionada em 01/03/24.
* **Resolu√ß√£o sobre a cria√ß√£o e composi√ß√£o de colegiados:** Mencionada em 01/03/22.
* **Resolu√ß√£o sobre a cria√ß√£o de disciplinas optativas:** Mencionada em 01/06/22.
* **Resolu√ß√£o que estabelece o calend√°rio para homologa√ß√£o da vacina√ß√£o:** Mencionada em 01/08/22.
* **Resolu√ß√£o que trata da Feira de Gradua√ß√£o:** Mencionada em 01/02/24.
* **Resolu√ß√£o sobre a necessidade de apresenta√ß√£o de comprovante vacinal:** Mencionada em 01/08/22.
* **Resolu√ß√£o Consepe 65/2022, sobre a curriculariza√ß√£o da extens√£o:** Mencionada em 05/05/22.
* **Resolu√ß√£o que trata da obrigatoriedade de vacina√ß√£o:** Mencionada em 09/06/22.
* **Resolu√ß√£o que trata dos exerc√≠cios domiciliares:** Mencionada em 09/09/23.
* **Resolu√ß√£o sobre a regulamenta√ß√£o de reuni√µes remotas:** Mencionada em 01/06/22, 02/02/23 e 08/08/22.
* **Resolu√ß√£o que trata da distribui√ß√£o de bolsas:** Mencionada em 01/09/22.
* **Resolu√ß√£o que trata da obrigatoriedade da vacina√ß√£o para a sala de aula:** Mencionada em 01/09/22.
* **Resolu√ß√£o que trata do trancamento de curso:** Mencionada em 01/03/22, 01/03/23 e 01/08/22.
* **Resolu√ß√£o que trata do acesso ao Sagres Acad√™mico:** Mencionada em 01/03/24.
* **Resolu√ß√£o que trata da matr√≠cula em cursos de licenciatura:** Mencionada em 01/09/22.
* **Resolu√ß√£o Consepe 21/2022:** Mencionada em 01/08/22.
* **Resolu√ß√£o sobre o reajuste salarial:** Mencionada em 01/06/24.
* **Resolu√ß√£o do governo que cessa os efeitos da pandemia:** Mencionada em 01/09/22.
* **Resolu√ß√£o sobre o limite de faltas:** Mencionada em 01/09/22.
* **Resolu√ß√£o sobre os crit√©rios de processo de recurso:** Mencionada em 01/08/22.
* **Resolu√ß√£o do CONSU sobre o regimento dos colegiados:** Mencionada em 03/03/22.
* **Resolu√ß√£o do CONSU sobre a apresenta√ß√£o do comprovante vacinal:** Mencionada em 08/08/22.
* **Resolu√ß√£o sobre a cria√ß√£o e composi√ß√£o de colegiados:** Mencionada em 01/03/22.
* **Resolu√ß√£o sobre atividades complementares:** Mencionada em 11/01/23.
* **Resolu√ß√£o que trata sobre a curriculariza√ß√£o da extens√£o:** Mencionada em 01/06/22 e 05/05/22.
* **Resolu√ß√£o sobre crit√©rios de sele√ß√£o:** Mencionada em 02/02/23.
* **Resolu√ß√£o sobre puni√ß√£o a assediadores:** Mencionada em 01/06/22.
* **Resolu√ß√£o sobre est√°gio curricular:** Mencionada em 01/02/24.
* **Resolu√ß√£o sobre o relat√≥rio do planejamento de vagas:** Mencionada em 01/03/24.
* **Resolu√ß√£o CONSU sobre o reingresso:** Mencionada em 01/04/22.
* **Resolu√ß√£o sobre o reajuste salarial:** Mencionada em 01/06/24.
* **Resolu√ß√£o que estabelece normas para a concess√£o de regime de exerc√≠cios domiciliares:** Mencionada em 01/03/24.
* **Resolu√ß√£o sobre a assinatura GOV:** Mencionada em 01/02/24.
* **Resolu√ß√£o que estabelece o calend√°rio para homologa√ß√£o da vacina√ß√£o:** Mencionada em 01/08/22.
* **Resolu√ß√£o sobre a cria√ß√£o da Feira de Gradua√ß√£o:** Mencionada em 01/02/24.
* **Resolu√ß√£o sobre o calend√°rio vacinal:** Mencionada em 01/03/22.
* **Resolu√ß√£o sobre a cria√ß√£o de comiss√µes:** Mencionada em 01/03/22.
* **Resolu√ß√£o sobre o trancamento:** Mencionada em 01/03/22.
* **Resolu√ß√£o sobre trancamento da matr√≠cula:** Mencionada em 01/03/22.
* **Resolu√ß√£o sobre a listagem de alunos:** Mencionada em 01/03/22.
* **Resolu√ß√£o sobre a digitaliza√ß√£o dos comprovantes:** Mencionada em 01/03/22.
* **Resolu√ß√£o sobre o ajuste presencial:** Mencionada em 01/03/22.
* **Resolu√ß√£o sobre o acesso externo:** Mencionada em 01/03/22.
* **Resolu√ß√£o sobre o trancamento de curso:** Mencionada em 01/03/22.
* **Resolu√ß√£o sobre o erro de c√°lculo:** Mencionada em 01/03/23.
* **Resolu√ß√£o que trata est√°gio:** Mencionada em 01/03/24.
* **Resolu√ß√£o sobre est√°gio obrigat√≥rio:** Mencionada em 01/03/24.
* **Resolu√ß√£o que trata o est√°gio:** Mencionada em 01/03/24.
* **Resolu√ß√£o sobre o est√°gio obrigat√≥rio curricular:** Mencionada em 01/02/24.
* **Resolu√ß√£o que trata o est√°gio:** Mencionada em 01/03/24.
* **Resolu√ß√£o sobre a obrigatoriedade do est√°gio curricular:** Mencionada em 01/02/24.
* **Resolu√ß√£o da Consepe sobre a valida√ß√£o da vacina√ß√£o:** Mencionada em 01/08/22.
* **Resolu√ß√£o sobre o acesso a documentos:** Mencionada em 01/06/22.
* **Resolu√ß√£o sobre a realiza√ß√£o de provas:** Mencionada em 01/06/22.
* **Resolu√ß√£o sobre a puni√ß√£o:** Mencionada em 01/06/22.
* **Resolu√ß√£o sobre a cirriculariza√ß√£o:** Mencionada em 01/06/22.
* **Resolu√ß√£o sobre o processo de exclus√£o da disciplina:** Mencionada em 03/03/22.
* **Resolu√ß√£o sobre a nota:** Mencionada em 03/01/24.
* **Resolu√ß√£o sobre a avalia√ß√£o:** Mencionada em 03/01/24.
* **Resolu√ß√£o sobre o ajuste de matr√≠cula:** Mencionada em 01/03/23.
* **Resolu√ß√£o sobre o sagres:** Mencionada em 01/03/23.
* **Resolu√ß√£o sobre a vacina√ß√£o:** Mencionada em 01/03/23.
* **Resolu√ß√£o sobre a matr√≠cula:** Mencionada em 01/03/23.
* **Resolu√ß√£o do governo:** Mencionada em 01/09/22.
* **Resolu√ß√£o sobre o curso:** Mencionada em 01/09/22.
* **Resolu√ß√£o sobre a recomposi√ß√£o salarial:** Mencionada em 01/06/24.
* **Resolu√ß√£o sobre est√°gio:** Mencionada em 01/03/24.
* **Resolu√ß√£o sobre as vagas:** Mencionada em 01/09/22.
* **Resolu√ß√£o sobre a pandemia:** Mencionada em 01/09/22.
* **Resolu√ß√£o sobre a repescagem:** Mencionada em 01/03/22.
* **Resolu√ß√£o sobre a homologa√ß√£o:** Mencionada em 01/08/22.
* **Resolu√ß√£o sobre a homologa√ß√£o:** Mencionada em 01/03/22.
* **Resolu√ß√£o sobre o acesso a documentos:** Mencionada em 01/06/22.
* **Resolu√ß√£o que trata est√°gio:** Mencionada em 01/03/24.
* **Resolu√ß√£o sobre as assinaturas:** Mencionada em 01/02/24.
* **Resolu√ß√£o sobre a cria√ß√£o de colegiados:** Mencionada em 01/03/22.
* **Resolu√ß√£o sobre o trancamento de curso:** Mencionada em 01/03/22.
* **Resolu√ß√£o sobre a cria√ß√£o e a composi√ß√£o do colegiado:** Mencionada em 01/03/22.
* **Resolu√ß√£o que trata sobre a obrigatoriedade da vacina√ß√£o:** Mencionada em 01/03/22.
* **Resolu√ß√£o sobre a participa√ß√£o em eventos:** Mencionada em 01/03/23.
* **Resolu√ß√£o referente ao est√°gio:** Mencionada em 01/03/24.
* **Resolu√ß√µes sobre a obrigatoriedade da vacina√ß√£o:** Mencionada em 01/03/22.
* **Resolu√ß√£o sobre a participa√ß√£o dos alunos:** Mencionada em 01/03/24.
* **Resolu√ß√£o sobre a composi√ß√£o do colegiado:** Mencionada em 01/03/22.
* **Resolu√ß√£o sobre o est√°gio obrigat√≥rio:** Mencionada em 01/03/24.
* **Resolu√ß√£o sobre a homologa√ß√£o da vacina:** Mencionada em 01/03/22.
* **Resolu√ß√£o sobre o SISU:** Mencionada em 01/09/22.
* **Resolu√ß√£o sobre a reestrutura√ß√£o curricular:** Mencionada em 01/08/22.
* **Resolu√ß√£o sobre o trancamento de curso:** Mencionada em 01/03/22.
* **Resolu√ß√£o que trata sobre a documenta√ß√£o:** Mencionada em 01/08/22.
* **Resolu√ß√£o sobre o acesso ao Sagres:** Mencionada em 01/03/24.
* **Resolu√ß√£o sobre o reajuste salarial:** Mencionada em 01/06/24.
* **Resolu√ß√£o sobre os est√°gios:** Mencionada em 01/03/24.
* **Resolu√ß√£o sobre a curriculariza√ß√£o:** Mencionada em 05/05/22.
* **Resolu√ß√£o sobre a emerg√™ncia sanit√°ria:** Mencionada em 01/09/22.
* **Resolu√ß√£o sobre o aux√≠lio:** Mencionada em 01/03/24.
* **Resolu√ß√£o sobre o relat√≥rio:** Mencionada em 01/03/24.
* **Resolu√ß√£o sobre os crit√©rios:** Mencionada em 01/03/24.
* **Resolu√ß√£o sobre a homologa√ß√£o:** Mencionada em 01/08/22.
* **Resolu√ß√£o sobre a recomenda√ß√£o:** Mencionada em 02/01/23.
* **Resolu√ß√£o sobre o acesso:** Mencionada em 01/06/23.
* **Resolu√ß√£o sobre o afastamento:** Mencionada em 01/06/23.
* **Resolu√ß√£o sobre a matr√≠cula:** Mencionada em 01/03/23.
* **Resolu√ß√£o sobre a obrigatoriedade:** Mencionada em 01/03/23.
* **Resolu√ß√£o sobre a vacina√ß√£o:** Mencionada em 01/03/23.
* **Resolu√ß√£o sobre os resultados:** Mencionada em 01/03/22.
* **Resolu√ß√£o sobre os cursos:** Mencionada em 01/03/22.
* **Resolu√ß√£o sobre o drive:** Mencionada em 01/03/22.
* **Resolu√ß√£o sobre a lista:** Mencionada em 01/03/22.
* **Resolu√ß√£o sobre a homologa√ß√£o:** Mencionada em 01/03/22.
* **Resolu√ß√£o sobre o anexo:** Mencionada em 01/03/22.
* **Resolu√ß√£o sobre o acesso:** Mencionada em 01/06/22.
* **Resolu√ß√£o sobre a repescagem:** Mencionada em 01/03/22.
* **Resolu√ß√£o sobre a listagem:** Mencionada em 01/03/22.
* **Resolu√ß√£o sobre os casos:** Mencionada em 01/03/22.
* **Resolu√ß√£o sobre a vacina:** Mencionada em 01/03/22.
* **Resolu√ß√£o sobre o ajuste:** Mencionada em 01/03/22.
* **Resolu√ß√£o sobre o envio:** Mencionada em 01/03/22.
* **Resolu√ß√£o sobre o arquivo:** Mencionada em 01/02/24.
* **Resolu√ß√£o da Prograd:** Mencionada em 01/03/24.
* **Resolu√ß√£o sobre a avalia√ß√£o:** Mencionada em 01/08/24.
* **Resolu√ß√£o sobre o decreto:** Mencionada em 01/09/22.
* **Resolu√ß√£o sobre o per√≠odo:** Mencionada em 01/03/24.
* **Resolu√ß√£o sobre o f√≥rum:** Mencionada em 01/09/22.
* **Resolu√ß√£o sobre o trancamento:** Mencionada em 01/03/22.
* **Resolu√ß√£o sobre o envio:** Mencionada em 01/03/24.
* **Resolu√ß√£o sobre a pandemia:** Mencionada em 01/03/22.
* **Resolu√ß√£o sobre a comiss√£o:** Mencionada em 01/03/24.

Al√©m disso, h√° men√ß√µes a INs (Instru√ß√µes Normativas) em diversos contextos, que tamb√©m s√£o documentos normativos importantes.",3,43.93379020690918,
Listar dicas de uso do Sagres,"Com base nas mensagens, aqui est√£o as dicas de uso do Sagres mencionadas:

*   **Para verificar a lota√ß√£o (capacidade) de salas:** Acessar o Sagres e ir para a aloca√ß√£o de salas.
*   **Gerar relat√≥rios de alunos:**
    *   ""Relat√≥rio de alunos institui√ß√£o"": Para obter uma lista de todos os alunos.
    *   ""Relat√≥rios particulares Matr√≠cula web"": Para obter relat√≥rios sobre a matr√≠cula web.
    *   ""Relat√≥rios particulares Alunos aprova√ß√£o reprova√ß√£o disciplina"": Para obter relat√≥rios de aprova√ß√£o e reprova√ß√£o por disciplina.
    *   ""Relat√≥rio Planejamento Vagas oferecidas preenchidas"": Para relat√≥rio de vagas oferecidas e preenchidas.
    *   ""Quadro evolu√ß√£o alunos quantidade alunos regulares abandono cancelado graduado per√≠odo"": Para relat√≥rio da evolu√ß√£o dos alunos.
    *   ""Relat√≥rio Gerador relat√≥rios Reprova√ß√£o Aprova√ß√£o disciplina"": Para relat√≥rios de reprova√ß√£o e aprova√ß√£o.
*   **Para identificar disciplinas com alto √≠ndice de reprova√ß√£o:** Usar relat√≥rios gerados pelo sistema, possivelmente exportando para Excel para an√°lise.
*   **Para encontrar alunos de um curso:** Gerar lista de calouros no Sagres Acad√™mico.
*   **Lista de alunos matr√≠culados:** Em ""Relat√≥rio de alunos institui√ß√£o"" selecionar o per√≠odo de ingresso e o curso.
*   **Para verificar o status de um aluno no processo de vacina√ß√£o:** Acessar o SisVac.
*   **Para limpar o cache do navegador:** Procedimento recomendado para resolver problemas de acesso.
*   **Para encontrar informa√ß√µes sobre um aluno:** Utilizar a lupa de busca no sistema.
*   **Para verificar se um documento foi alterado:** Validar a assinatura GOV no site do GOV, pois a assinatura √© corrompida se o arquivo original for alterado.
*   **Para encontrar ementas de disciplinas:** Acessar o Sagres Acad√™mico.
*   **Para verificar a aloca√ß√£o de salas:** Acessar o Sagres e ir para a aloca√ß√£o.
*   **Para visualizar rapidamente a ocupa√ß√£o e distribui√ß√£o de vagas:** Acessar ""Classe"" no Sagres Acad√™mico.
*   **Para gerar relat√≥rio de alunos por curso, com dados de contato:** Usar o relat√≥rio ""Alunos Institui√ß√£o"" e filtrar por curso e per√≠odo de ingresso.
*   **Para criar um link para um documento no Sagres:** Inserir o n√∫mero do documento com o s√≠mbolo ""N¬∫"" no despacho.
*   **Para contornar problemas de login:** Limpar o cache do navegador.
*   **Para acessar o menu de relat√≥rios particulares:** Acessar ""Relat√≥rio Gerador""
*   **Para encontrar modelos de documentos:** Verificar a gest√£o anterior ou solicitar √† Prograd.
*   **Para lidar com assinaturas GOV:** Validar a assinatura GOV no site do GOV, pois a assinatura √© corrompida se o arquivo original for alterado.
*   **Para verificar pend√™ncias de alunos:** Acessar o SISVAC.
*   **Utilizar o campo de observa√ß√µes:** Registrar informa√ß√µes importantes sobre os alunos, como a valida√ß√£o de documentos.
*   **Para verificar a necessidade de assinatura em atas:** Consultar Maeli para verificar se as ATAs colocadas precisam de assinatura ou se podem ficar p√∫blicas.
*   **Para acessar o calend√°rio:** Verificar a p√°gina da Prograd.
*   **Em caso de problemas com o sistema:** Enviar prints dos erros para a Tecnotrends.
*   **Para visualizar a capacidade da sala:** Acessar ""aloca√ß√£o"" e verificar a capacidade nos PATS, PAVS e Audit√≥rios.
*   **Para cadastrar usu√°rios externos:** Contactar o setor respons√°vel para cadastro.
*   **Para homologar a vacina√ß√£o:** Utilizar o SISVAC.
*   **Para trancar um curso:** Entrar com requerimento no expediente.
*   **Para obter ajuda com o Sagres:** Procurar tutoriais ou solicitar ajuda √† Prograd.

Observa√ß√£o: Algumas dicas podem estar desatualizadas, pois as mensagens abrangem um per√≠odo de tempo consider√°vel (2022-2024). A interface e as funcionalidades do Sagres podem ter mudado desde ent√£o.",3,34.12604761123657,
Quais as palavras mais mencionadas por Rosa?,"As palavras mais mencionadas por Rosa Eug√™nia s√£o:

1. Gente
2. Amores
3. Queridos
4. Colegiado
5. Dia
6. Precisamos
7. Acredito
8. Alunos
9. Ok
10. informa√ß√µes",3,27.072807788848877,
Quantas Resolu√ß√µes CONSEPE foram citadas?,Foram citadas 45 resolu√ß√µes CONSEPE.,3,41.205907583236694,
"Quais professores mais participaram das conversas, listando o n√∫mero de contribui√ß√µes?","Aqui est√° a lista dos professores que mais participaram das conversas, juntamente com o n√∫mero de suas contribui√ß√µes:

*   **Carla Borges**: 69
*   **Laurenio Sombra**: 65
*   **Adriana Queiroz - Agronomia**: 61
*   **Jo√£o B. Rocha-Junior**: 55
*   **Fredson Braz**: 53
*   **Myria Felix**: 42
*   **Ana Maria Carvalho**: 41
*   **üåπ Rosa Eug√™nia üåπ**: 37
*   **~‚ÄØM√°rcia Misi**: 33
*   **Silvia Passos**: 32
*   **Ricardo**: 27
*   **~‚ÄØProf Dra Irlana Jane**: 21
*   **Gilmarüèãüèæ‚Äç‚ôÄÔ∏èUEFS**: 19
*   **Mauricio**: 17
*   **~‚ÄØAlex**: 16
*   **Luciana Bagdeve**: 15
*   **Patricia Guimar√£es Costa**: 14
*   **~‚ÄØJuliana Ribeiro**: 12
*   **üåπ Vera Martin (Prograd)**: 12
*   **Ingrid Guti√©rrez UEFS**: 11
*   **Mar√≠lia Lord√™lo**: 11
*   **Saulo Rocha**: 11
*   **~‚ÄØAdy S√° Teles**: 9
*   **Cl√°udia**: 8
*   **Camila Leal Col Eng Civil**: 7
*   **Gleice Cordeiro**: 7
*   **F√°bio DAA**: 5
*   **Pedro Prates**: 5
*   **~‚ÄØHerval Moura**: 4
*   **~‚ÄØJanunzi**: 4
*   **~‚ÄØNessa Mascarenhas**: 4
*   **~‚ÄØTiago de Man**: 4
*   **Diego Lima Prograd**: 3
*   **~‚ÄØAfonso üçÄüçÅ**: 2
*   **Juliana Leite (Enfermagem UEFS)**: 2
*   **~‚ÄØColegiado de Hist√≥ria UEF**: 1
*   **~‚ÄØKarla Borges Aut√™ntica Fotografia**: 1
*   **Fredson Braz**: 1
*   **~‚ÄØLiz Souza**: 1
*   **~‚ÄØLucas Nascimento**: 1
*   **Marcelo Pedreira**: 1
*   **Silvia Passos**: 1
*   **~‚ÄØVanessa Vieira**: 1
*   **~‚ÄØVinicius Amaro**: 1
*   **~‚ÄØAfonso üçÄüçÅ**: 1
*   **Antonio Codina UEFS**: 1
*   **Fredson Braz**: 1
*   **~‚ÄØGilc√©lia Pires**: 1
*   **H√©lio Ponce**: 1
*   **~‚ÄØKamila Abreu**: 1
*   **~‚ÄØKarla Borges Aut√™ntica Fotografia**: 1
*   **~‚ÄØProf Dra Irlana Jane**: 1
*   **Prograd UEFS**: 1
*   **~‚ÄØRoberto Rodrigues Campos**: 1
*   **~‚ÄØRog√©rio Tosta**: 1
*   **Shirlei Tiara Prograd**: 1
*   **~‚ÄØAfonso üçÄüçÅ**: 1
*   **~‚ÄØM√°rcia Tironi**: 1
*   **Priscila PLopes**: 1
*   **~‚ÄØRoberto Rodrigues Campos**: 1
*   **~‚ÄØRosevaldo**: 1
*   **Saulo Rocha**: 1
*   **~‚ÄØTiago de Man**: 1
*   **~‚ÄØVanessa Vieira**: 1
*   **Vera Martin (Prograd)**: 1",3,36.54623866081238,
